{"cameraMode":{"drawMode":0,"name":"Shaded","section":"Shading Mode"},"sceneLighting":true,"audioPlay":false,"sceneViewState":{"m_AlwaysRefresh":false,"showFog":true,"showSkybox":true,"showFlares":true,"showImageEffects":true,"showParticleSystems":true,"showVisualEffectGraphs":true,"m_FxEnabled":true},"in2DMode":false,"pivot":{"x":-0.21399259567260743,"y":0.04736298322677612,"z":5.9063310623168949},"rotation":{"x":-0.3029622733592987,"y":0.007716362364590168,"z":-0.0024532058741897346,"w":-0.9529687166213989},"size":2.2622506618499758,"orthographic":false}